Product_Key,Product_Name,Product_Price,Product_Type
1,Calvin Klein,5988,Clothing
2,Angels Jeanswear,3778,Furniture
3,C&A,8434,Cosmetic
4,Ecko Unlimited,2353,Kitchen Utensil
5,Mohito,5551,Perfume
6,JNCO,4046,Machinary
7,Forever 21,1625,Shoes
8,Mossimo,2543,Deodorant
9,Mossimo,8057,Home Appliances
10,Brooks Brothers,1018,Lotion
11,Forever 21,2181,Clothing
12,Izod,6515,Furniture
13,JNCO,6039,Cosmetic
14,Guess,4942,Kitchen Utensil
15,SABA,5597,Perfume
16,Old Navy,1026,Machinary
17,Cross Colours,7704,Shoes
18,Baby Gap,8077,Deodorant
19,Six Deuce,5795,Home Appliances
20,Nice Collective,2048,Lotion
21,Healthtex,3558,Clothing
22,Bujo,3118,Furniture
23,Forever Lazy,8138,Cosmetic
24,Ecko Unlimited,7941,Kitchen Utensil
25,Lee,4162,Perfume
26,Real Gold,2921,Machinary
27,Mossimo,3241,Shoes
28,Six Deuce,1592,Deodorant
29,Dollie & Me,6766,Home Appliances
30,Forever 21,1787,Lotion
31,Mossimo,4602,Clothing
32,Lee,7248,Furniture
33,Izod,7569,Cosmetic
34,Forever 21,6390,Kitchen Utensil
35,Levis,8383,Perfume
36,Angels Jeanswear,2712,Machinary
37,Marchesa,8280,Shoes
38,Loyandford,2554,Deodorant
39,Bujo,7622,Home Appliances
40,Acorn Stores,8575,Lotion
41,Hamilton Shirts,3027,Clothing
42,H&M,8401,Furniture
43,Max Studio,2875,Cosmetic
44,Rip Curl,5762,Kitchen Utensil
45,Brooks Brothers,5986,Perfume
46,Mohito,1432,Machinary
47,Izod,7931,Shoes
48,SABA,2472,Deodorant
49,Old Navy,3305,Home Appliances
50,Countess Mara,7135,Lotion
51,Levis,3263,Clothing
52,Mataano,8401,Furniture
53,Nice Collective,1415,Cosmetic
54,SABA,8250,Kitchen Utensil
55,Marchesa,5671,Perfume
56,Converse,6625,Machinary
57,TNT,5488,Shoes
58,Koalapop,5437,Deodorant
59,Mossimo,8387,Home Appliances
60,Old Navy,7878,Lotion
61,Healthtex,8278,Clothing
62,TNT,7060,Furniture
63,Cherokee Inc.,3912,Cosmetic
64,Guess,1408,Kitchen Utensil
65,Forever Lazy,2471,Perfume
66,C&A,7322,Machinary
67,H&M,3675,Shoes
68,EMEL Fashion,4122,Deodorant
69,Six Deuce,6754,Home Appliances
70,Ecko Unlimited,3054,Lotion
71,Marchesa,3245,Clothing
72,Baby Gap,4806,Furniture
73,Healthtex,6204,Cosmetic
74,Koalapop,5242,Kitchen Utensil
75,Ethika,7145,Perfume
76,Loyandford,5381,Machinary
77,Mossimo,3486,Shoes
78,Guess,4818,Deodorant
79,Hamilton Shirts,6835,Home Appliances
80,Mohito,5905,Lotion
81,Columbia Sportswear,3174,Clothing
82,Max Studio,6826,Furniture
83,Cross Colours,2642,Cosmetic
84,Brooks Brothers,3280,Kitchen Utensil
85,Tommy Hilfinger,1278,Perfume
86,Merc Clothing,1691,Machinary
87,Nice Collective,2723,Shoes
88,Ecko Unlimited,3827,Deodorant
89,Calvin Klein,2105,Home Appliances
90,Guess,8349,Lotion
91,Columbia Sportswear,5739,Clothing
92,TNT,7551,Furniture
93,Mossimo,2403,Cosmetic
94,Nice Collective,3771,Kitchen Utensil
95,Koton,1659,Perfume
96,C&A,1297,Machinary
97,Loyandford,3677,Shoes
98,SABA,6118,Deodorant
99,Nice Collective,8638,Home Appliances
100,TNT,4379,Lotion
101,TNT,2195,Clothing
102,Dollie & Me,4251,Furniture
103,Converse,3334,Cosmetic
104,Cherokee Inc.,5803,Kitchen Utensil
105,Loyandford,7233,Perfume
106,Lilli Ann,5245,Machinary
107,Forever Lazy,4498,Shoes
108,Baby Gap,3694,Deodorant
109,Hamilton Shirts,5001,Home Appliances
110,Columbia Sportswear,6482,Lotion
111,Calvin Klein,6595,Clothing
112,Izod,8350,Furniture
113,Max Studio,7007,Cosmetic
114,C&A,6126,Kitchen Utensil
115,Ex-Boyfriend,3466,Perfume
116,Levis,3176,Machinary
117,Dollie & Me,6658,Shoes
118,Max Studio,7241,Deodorant
119,Bujo,2626,Home Appliances
120,JNCO,5110,Lotion
121,TNT,3992,Clothing
122,Converse,4380,Furniture
123,JNCO,2526,Cosmetic
124,Koalapop,8407,Kitchen Utensil
125,H&M,8927,Perfume
126,Nice Collective,4690,Machinary
127,Andrew Marc,8438,Shoes
128,Rip Curl,8241,Deodorant
129,Bujo,5880,Home Appliances
130,Izod,2832,Lotion
131,Cherokee Inc.,8450,Clothing
132,Karen Kane,1435,Furniture
133,Levis,8828,Cosmetic
134,Tommy Hilfinger,8137,Kitchen Utensil
135,Guess,8228,Perfume
136,Real Gold,4670,Machinary
137,Hamilton Shirts,4270,Shoes
138,Izod,7853,Deodorant
139,Karen Kane,6286,Home Appliances
140,Izod,1980,Lotion
141,Max Studio,7376,Clothing
142,Converse,8175,Furniture
143,SABA,8444,Cosmetic
144,Calvin Klein,5745,Kitchen Utensil
145,Forever 21,4269,Perfume
146,Karen Kane,4626,Machinary
147,Acorn Stores,5878,Shoes
148,Ecko Unlimited,6375,Deodorant
149,Hamilton Shirts,8434,Home Appliances
150,Andrew Marc,7826,Lotion
151,Rip Curl,5363,Clothing
152,Mossimo,6979,Furniture
153,Karen Kane,5152,Cosmetic
154,Mossimo,5986,Kitchen Utensil
155,Lee,3679,Perfume
156,Rip Curl,4241,Machinary
157,Dollie & Me,8764,Shoes
158,Marchesa,7172,Deodorant
159,Ecko Unlimited,7525,Home Appliances
160,C&A,4654,Lotion
161,C&A,4316,Clothing
162,Loyandford,6717,Furniture
163,Rip Curl,7559,Cosmetic
164,Mohito,1411,Kitchen Utensil
165,Old Navy,4279,Perfume
166,Rip Curl,7290,Machinary
167,Healthtex,2868,Shoes
168,Columbia Sportswear,7143,Deodorant
169,Converse,2939,Home Appliances
170,Countess Mara,7491,Lotion
171,Guess,5932,Clothing
172,Avirex,2446,Furniture
173,Koton,3471,Cosmetic
174,Columbia Sportswear,2116,Kitchen Utensil
175,Baby Gap,2388,Perfume
176,C&A,7766,Machinary
177,Koton,5627,Shoes
178,Acorn Stores,7148,Deodorant
179,Countess Mara,1703,Home Appliances
180,EMEL Fashion,8180,Lotion
181,Countess Mara,6989,Clothing
182,DKNY,4503,Furniture
183,Guess,4225,Cosmetic
184,Six Deuce,3316,Kitchen Utensil
185,Andrew Marc,2182,Perfume
186,Six Deuce,6591,Machinary
187,Healthtex,8299,Shoes
188,SABA,1976,Deodorant
189,Hamilton Shirts,2565,Home Appliances
190,Mataano,8043,Lotion
191,Ex-Boyfriend,2672,Clothing
192,Mohito,3320,Furniture
193,Hamilton Shirts,3795,Cosmetic
194,Forever Lazy,1378,Kitchen Utensil
195,Acorn Stores,2367,Perfume
196,Forever Lazy,8252,Machinary
197,Baby Gap,3254,Shoes
198,H&M,4054,Deodorant
199,Ethika,3458,Home Appliances
200,Brooks Brothers,7527,Lotion
201,Dollie & Me,6124,Clothing
202,Acorn Stores,5371,Furniture
203,Levis,1252,Cosmetic
204,Koton,3343,Kitchen Utensil
205,Lilli Ann,8940,Perfume
206,Izod,8785,Machinary
207,Forever Lazy,6420,Shoes
208,Tommy Hilfinger,8690,Deodorant
209,Levis,7958,Home Appliances
210,Avirex,7322,Lotion
211,JNCO,6857,Clothing
212,Countess Mara,7880,Furniture
213,EMEL Fashion,7964,Cosmetic
214,Tommy Hilfinger,3836,Kitchen Utensil
215,Real Gold,8556,Perfume
216,Hamilton Shirts,3895,Machinary
217,DKNY,6435,Shoes
218,Mohito,2993,Deodorant
219,Acorn Stores,7486,Home Appliances
220,Ex-Boyfriend,6182,Lotion
221,Guess,3303,Clothing
222,Merc Clothing,2010,Furniture
223,Bujo,6006,Cosmetic
224,Max Studio,1055,Kitchen Utensil
225,Real Gold,6438,Perfume
226,Converse,5695,Machinary
227,EMEL Fashion,3006,Shoes
228,Converse,7378,Deodorant
229,Old Navy,2986,Home Appliances
230,Converse,5207,Lotion
231,Tommy Hilfinger,7840,Clothing
232,Andrew Marc,3459,Furniture
233,SABA,6898,Cosmetic
234,Mossimo,8304,Kitchen Utensil
235,SABA,7068,Perfume
236,Cross Colours,5644,Machinary
237,Nice Collective,1885,Shoes
238,H&M,5275,Deodorant
239,Columbia Sportswear,1354,Home Appliances
240,Merc Clothing,8383,Lotion
241,EMEL Fashion,1059,Clothing
242,Izod,5732,Furniture
243,Ecko Unlimited,1627,Cosmetic
244,Mossimo,8229,Kitchen Utensil
245,Baby Gap,5428,Perfume
246,Six Deuce,7818,Machinary
247,Mossimo,3941,Shoes
248,Healthtex,3278,Deodorant
249,Real Gold,4902,Home Appliances
250,Merc Clothing,3675,Lotion
251,Mossimo,4207,Clothing
252,Baby Gap,5123,Furniture
253,Mossimo,4279,Cosmetic
254,TNT,4504,Kitchen Utensil
255,TNT,4673,Perfume
256,Cross Colours,4405,Machinary
257,Ethika,1597,Shoes
258,Nice Collective,1076,Deodorant
259,Six Deuce,4439,Home Appliances
260,Mohito,2990,Lotion
261,Columbia Sportswear,8319,Clothing
262,Calvin Klein,7184,Furniture
263,Nice Collective,1066,Cosmetic
264,Six Deuce,5868,Kitchen Utensil
265,Old Navy,3924,Perfume
266,Real Gold,4593,Machinary
267,Lilli Ann,4631,Shoes
268,Acorn Stores,2246,Deodorant
269,SABA,5520,Home Appliances
270,Six Deuce,5353,Lotion
271,Old Navy,4000,Clothing
272,Max Studio,2813,Furniture
273,Baby Gap,3828,Cosmetic
274,Levis,6907,Kitchen Utensil
275,Levis,5969,Perfume
276,Forever 21,7691,Machinary
277,Guess,5401,Shoes
278,Angels Jeanswear,8137,Deodorant
279,Countess Mara,8258,Home Appliances
280,Dollie & Me,7487,Lotion
281,H&M,1017,Clothing
282,Ecko Unlimited,2878,Furniture
283,Rip Curl,4289,Cosmetic
284,Rip Curl,1048,Kitchen Utensil
285,Ecko Unlimited,7507,Perfume
286,Baby Gap,2675,Machinary
287,H&M,7473,Shoes
288,Merc Clothing,5391,Deodorant
289,TNT,1004,Home Appliances
290,Bujo,6005,Lotion
291,TNT,1230,Clothing
292,Koton,7870,Furniture
293,Lee,4451,Cosmetic
294,Max Studio,6560,Kitchen Utensil
295,Brooks Brothers,2789,Perfume
296,Converse,4358,Machinary
297,Andrew Marc,8691,Shoes
298,Marchesa,4724,Deodorant
299,Angels Jeanswear,1547,Home Appliances
300,Andrew Marc,3255,Lotion
301,Countess Mara,4090,Clothing
302,Six Deuce,5679,Furniture
303,Columbia Sportswear,3407,Cosmetic
304,Countess Mara,3601,Kitchen Utensil
305,Six Deuce,7891,Perfume
306,Nudie Jeans,2384,Machinary
307,JNCO,8283,Shoes
308,Rip Curl,5910,Deodorant
309,Merc Clothing,1795,Home Appliances
310,Loyandford,7078,Lotion
311,Izod,4881,Clothing
312,Nice Collective,6881,Furniture
313,JNCO,3101,Cosmetic
314,Rip Curl,6569,Kitchen Utensil
315,Marchesa,3525,Perfume
316,Guess,5346,Machinary
317,Nice Collective,7382,Shoes
318,Ethika,2836,Deodorant
319,Lilli Ann,6002,Home Appliances
320,Columbia Sportswear,5434,Lotion
321,Lilli Ann,8917,Clothing
322,Columbia Sportswear,2455,Furniture
323,Ecko Unlimited,7471,Cosmetic
324,Forever Lazy,1947,Kitchen Utensil
325,Six Deuce,3302,Perfume
326,Hamilton Shirts,3539,Machinary
327,Baby Gap,3203,Shoes
328,Rip Curl,6504,Deodorant
329,Koalapop,1355,Home Appliances
330,Avirex,6407,Lotion
331,Guess,4861,Clothing
332,Angels Jeanswear,4626,Furniture
333,C&A,6896,Cosmetic
334,Koton,1237,Kitchen Utensil
335,Ethika,8723,Perfume
336,Loyandford,2332,Machinary
337,Countess Mara,7602,Shoes
338,Forever 21,1853,Deodorant
339,EMEL Fashion,7244,Home Appliances
340,Merc Clothing,1179,Lotion
341,Hamilton Shirts,1497,Clothing
342,Columbia Sportswear,5959,Furniture
343,H&M,7516,Cosmetic
344,Lee,6517,Kitchen Utensil
345,TNT,7115,Perfume
346,Mossimo,2638,Machinary
347,Cross Colours,2953,Shoes
348,Koalapop,7158,Deodorant
349,Cherokee Inc.,4782,Home Appliances
350,Ethika,2649,Lotion
351,TNT,5500,Clothing
352,Hamilton Shirts,7407,Furniture
353,Columbia Sportswear,5056,Cosmetic
354,Guess,7907,Kitchen Utensil
355,Six Deuce,1631,Perfume
356,Guess,6146,Machinary
357,Lilli Ann,6848,Shoes
358,Tommy Hilfinger,1465,Deodorant
359,EMEL Fashion,7380,Home Appliances
360,Mossimo,8319,Lotion
361,Ex-Boyfriend,5145,Clothing
362,Angels Jeanswear,6548,Furniture
363,DKNY,2278,Cosmetic
364,Nudie Jeans,8480,Kitchen Utensil
365,Levis,6899,Perfume
366,Dollie & Me,1691,Machinary
367,SABA,5684,Shoes
368,Koalapop,1863,Deodorant
369,Angels Jeanswear,2031,Home Appliances
370,Baby Gap,2080,Lotion
371,Hamilton Shirts,8929,Clothing
372,Columbia Sportswear,5266,Furniture
373,Healthtex,2298,Cosmetic
374,Ecko Unlimited,2126,Kitchen Utensil
375,Calvin Klein,4006,Perfume
376,Koton,7197,Machinary
377,Hamilton Shirts,5301,Shoes
378,SABA,1663,Deodorant
379,DKNY,8733,Home Appliances
380,H&M,7107,Lotion
381,Koton,2624,Clothing
382,Old Navy,1246,Furniture
383,EMEL Fashion,1339,Cosmetic
384,Max Studio,6335,Kitchen Utensil
385,Max Studio,8180,Perfume
386,H&M,4392,Machinary
387,Acorn Stores,6409,Shoes
388,Calvin Klein,8130,Deodorant
389,Forever Lazy,8073,Home Appliances
390,Brooks Brothers,8979,Lotion
391,Koton,2231,Clothing
392,Baby Gap,1124,Furniture
393,Dollie & Me,7078,Cosmetic
394,Koalapop,7322,Kitchen Utensil
395,Real Gold,3707,Perfume
396,Nice Collective,4480,Machinary
397,Mataano,8465,Shoes
398,Columbia Sportswear,4786,Deodorant
399,Forever 21,8125,Home Appliances
400,Converse,5744,Lotion
401,Lee,3281,Clothing
402,JNCO,3729,Furniture
403,Karen Kane,7342,Cosmetic
404,Hamilton Shirts,8882,Kitchen Utensil
405,Nudie Jeans,4459,Perfume
406,Mataano,3086,Machinary
407,Marchesa,6149,Shoes
408,EMEL Fashion,1467,Deodorant
409,Forever 21,4651,Home Appliances
410,Forever 21,7277,Lotion
411,TNT,5199,Clothing
412,Angels Jeanswear,8770,Furniture
413,Columbia Sportswear,2770,Cosmetic
414,Columbia Sportswear,2341,Kitchen Utensil
415,Avirex,7120,Perfume
416,Loyandford,6647,Machinary
417,Ex-Boyfriend,4720,Shoes
418,DKNY,8378,Deodorant
419,SABA,3841,Home Appliances
420,Nudie Jeans,6821,Lotion
421,Izod,4516,Clothing
422,Mataano,7635,Furniture
423,Lee,6616,Cosmetic
424,Dollie & Me,7753,Kitchen Utensil
425,Loyandford,7914,Perfume
426,Nice Collective,1500,Machinary
427,Levis,2633,Shoes
428,Nice Collective,3577,Deodorant
429,Ex-Boyfriend,7878,Home Appliances
430,Angels Jeanswear,4983,Lotion
431,Lee,5047,Clothing
432,Calvin Klein,5272,Furniture
433,Bujo,7242,Cosmetic
434,Loyandford,4548,Kitchen Utensil
435,Mataano,6069,Perfume
436,C&A,2211,Machinary
437,Countess Mara,7260,Shoes
438,Baby Gap,2423,Deodorant
439,Andrew Marc,5605,Home Appliances
440,Acorn Stores,2860,Lotion
441,Baby Gap,1736,Clothing
442,Merc Clothing,8113,Furniture
443,Merc Clothing,3477,Cosmetic
444,SABA,6529,Kitchen Utensil
445,Mataano,7625,Perfume
446,Brooks Brothers,4703,Machinary
447,Ecko Unlimited,7386,Shoes
448,Cross Colours,5641,Deodorant
449,Koton,8656,Home Appliances
450,Six Deuce,1574,Lotion
451,SABA,1662,Clothing
452,Mohito,6949,Furniture
453,Guess,7522,Cosmetic
454,Marchesa,5783,Kitchen Utensil
455,Forever 21,7379,Perfume
456,Nudie Jeans,3435,Machinary
457,Avirex,2391,Shoes
458,Mossimo,7117,Deodorant
459,Karen Kane,3741,Home Appliances
460,C&A,7003,Lotion
461,Ethika,6393,Clothing
462,Ecko Unlimited,6320,Furniture
463,Forever Lazy,3181,Cosmetic
464,Koton,3895,Kitchen Utensil
465,Marchesa,1946,Perfume
466,Nice Collective,1613,Machinary
467,Mossimo,1378,Shoes
468,Ex-Boyfriend,5897,Deodorant
469,Avirex,1374,Home Appliances
470,Six Deuce,8864,Lotion
471,Angels Jeanswear,6820,Clothing
472,Rip Curl,6536,Furniture
473,Dollie & Me,6901,Cosmetic
474,C&A,7197,Kitchen Utensil
475,Converse,1851,Perfume
476,Cross Colours,7920,Machinary
477,Calvin Klein,1150,Shoes
478,TNT,6300,Deodorant
479,Guess,6487,Home Appliances
480,DKNY,7847,Lotion
481,TNT,5323,Clothing
482,Baby Gap,4098,Furniture
483,JNCO,2693,Cosmetic
484,Mataano,6548,Kitchen Utensil
485,Real Gold,2526,Perfume
486,Andrew Marc,6349,Machinary
487,Forever Lazy,7020,Shoes
488,Mohito,6819,Deodorant
489,Mataano,3095,Home Appliances
490,Guess,7830,Lotion
491,EMEL Fashion,4425,Clothing
492,Loyandford,7441,Furniture
493,Lilli Ann,1841,Cosmetic
494,Lee,7301,Kitchen Utensil
495,Koalapop,2866,Perfume
496,Mataano,1441,Machinary
497,Ex-Boyfriend,8237,Shoes
498,Loyandford,7934,Deodorant
499,Brooks Brothers,7385,Home Appliances
500,Cross Colours,3624,Lotion
501,Calvin Klein,1229,Clothing
502,Mataano,7435,Furniture
503,Izod,2567,Cosmetic
504,Nudie Jeans,4750,Kitchen Utensil
505,Hamilton Shirts,8116,Perfume
506,Countess Mara,7934,Machinary
507,Cherokee Inc.,3387,Shoes
508,Max Studio,2474,Deodorant
509,Countess Mara,8049,Home Appliances
510,Guess,6776,Lotion
511,Mohito,6682,Clothing
512,Real Gold,1358,Furniture
513,Karen Kane,8746,Cosmetic
514,Six Deuce,6419,Kitchen Utensil
515,Levis,4810,Perfume
516,Baby Gap,6523,Machinary
517,Levis,7376,Shoes
518,TNT,5175,Deodorant
519,Columbia Sportswear,5497,Home Appliances
520,C&A,1461,Lotion
521,JNCO,4091,Clothing
522,Acorn Stores,5326,Furniture
523,Brooks Brothers,5932,Cosmetic
524,Mataano,5770,Kitchen Utensil
525,Forever Lazy,2490,Perfume
526,Baby Gap,2279,Machinary
527,Hamilton Shirts,2142,Shoes
528,Nice Collective,5235,Deodorant
529,Six Deuce,4613,Home Appliances
530,Izod,1916,Lotion
531,Koalapop,5843,Clothing
532,Izod,2593,Furniture
533,Koton,4867,Cosmetic
534,Old Navy,7108,Kitchen Utensil
535,Baby Gap,7267,Perfume
536,Lilli Ann,5893,Machinary
537,DKNY,1606,Shoes
538,Ex-Boyfriend,8760,Deodorant
539,Forever Lazy,6779,Home Appliances
540,Converse,1725,Lotion
541,Old Navy,2421,Clothing
542,Bujo,2565,Furniture
543,Merc Clothing,5210,Cosmetic
544,Andrew Marc,3033,Kitchen Utensil
545,JNCO,1676,Perfume
546,Avirex,4839,Machinary
547,Old Navy,5862,Shoes
548,Healthtex,2733,Deodorant
549,Nudie Jeans,8302,Home Appliances
550,SABA,5607,Lotion
551,DKNY,6848,Clothing
552,Marchesa,7527,Furniture
553,Columbia Sportswear,1651,Cosmetic
554,Tommy Hilfinger,5710,Kitchen Utensil
555,Lilli Ann,1012,Perfume
556,Columbia Sportswear,1344,Machinary
557,Old Navy,1051,Shoes
558,H&M,2955,Deodorant
559,Dollie & Me,8129,Home Appliances
560,Angels Jeanswear,6416,Lotion
561,Ethika,2725,Clothing
562,Columbia Sportswear,5798,Furniture
563,Andrew Marc,7181,Cosmetic
564,DKNY,5408,Kitchen Utensil
565,Ethika,6465,Perfume
566,Hamilton Shirts,6482,Machinary
567,Levis,4276,Shoes
568,Ecko Unlimited,6941,Deodorant
569,Real Gold,3097,Home Appliances
570,Real Gold,6615,Lotion
571,Dollie & Me,4495,Clothing
572,Tommy Hilfinger,7591,Furniture
573,DKNY,6707,Cosmetic
574,Tommy Hilfinger,4668,Kitchen Utensil
575,Nice Collective,4130,Perfume
576,Baby Gap,4267,Machinary
577,Mataano,6283,Shoes
578,Acorn Stores,8448,Deodorant
579,Merc Clothing,3497,Home Appliances
580,Merc Clothing,2287,Lotion
581,Columbia Sportswear,4600,Clothing
582,DKNY,5478,Furniture
583,SABA,2966,Cosmetic
584,H&M,1453,Kitchen Utensil
585,Bujo,8184,Perfume
586,Nice Collective,3121,Machinary
587,Healthtex,6711,Shoes
588,DKNY,1166,Deodorant
589,Koton,1912,Home Appliances
590,Ethika,3507,Lotion
591,Avirex,6503,Clothing
592,Forever Lazy,1390,Furniture
593,Converse,3095,Cosmetic
594,Rip Curl,6796,Kitchen Utensil
595,Nudie Jeans,1103,Perfume
596,Ecko Unlimited,8628,Machinary
597,Old Navy,1808,Shoes
598,Six Deuce,1600,Deodorant
599,Nudie Jeans,4611,Home Appliances
600,Mataano,8260,Lotion
601,Brooks Brothers,8656,Clothing
602,Levis,1550,Furniture
603,Angels Jeanswear,4393,Cosmetic
604,Six Deuce,7264,Kitchen Utensil
605,Forever 21,1778,Perfume
606,C&A,6431,Machinary
607,Cross Colours,4804,Shoes
608,Angels Jeanswear,2974,Deodorant
609,Cross Colours,1799,Home Appliances
610,Cherokee Inc.,1553,Lotion
611,Brooks Brothers,8468,Clothing
612,Six Deuce,1395,Furniture
613,Ecko Unlimited,1201,Cosmetic
614,Merc Clothing,5224,Kitchen Utensil
615,Ecko Unlimited,1614,Perfume
616,C&A,7024,Machinary
617,Healthtex,5309,Shoes
618,Lilli Ann,7414,Deodorant
619,Nudie Jeans,5123,Home Appliances
620,Healthtex,5558,Lotion
621,Mataano,4243,Clothing
622,Koton,2552,Furniture
623,Nudie Jeans,3166,Cosmetic
624,Izod,8980,Kitchen Utensil
625,Baby Gap,5163,Perfume
626,Koton,2506,Machinary
627,Ex-Boyfriend,4388,Shoes
628,Lee,1974,Deodorant
629,Rip Curl,3773,Home Appliances
630,Guess,4099,Lotion
631,Healthtex,3009,Clothing
632,JNCO,4454,Furniture
633,Loyandford,8787,Cosmetic
634,Brooks Brothers,3617,Kitchen Utensil
635,Koton,5801,Perfume
636,Ecko Unlimited,3803,Machinary
637,Old Navy,8968,Shoes
638,Forever Lazy,6216,Deodorant
639,Karen Kane,5570,Home Appliances
640,Six Deuce,6420,Lotion
641,Columbia Sportswear,7355,Clothing
642,JNCO,4411,Furniture
643,Cross Colours,5354,Cosmetic
644,Cross Colours,2581,Kitchen Utensil
645,Baby Gap,2090,Perfume
646,TNT,8560,Machinary
647,Levis,2990,Shoes
648,Columbia Sportswear,2851,Deodorant
649,Cherokee Inc.,7273,Home Appliances
650,JNCO,3503,Lotion
651,Koton,7083,Clothing
652,Merc Clothing,1791,Furniture
653,Cherokee Inc.,7870,Cosmetic
654,C&A,8115,Kitchen Utensil
655,JNCO,2585,Perfume
656,Angels Jeanswear,5963,Machinary
657,Forever Lazy,4542,Shoes
658,Ethika,7701,Deodorant
659,Koalapop,4278,Home Appliances
660,Cherokee Inc.,7563,Lotion
661,Acorn Stores,7879,Clothing
662,Healthtex,1648,Furniture
663,Converse,1079,Cosmetic
664,Ecko Unlimited,2718,Kitchen Utensil
665,Brooks Brothers,3840,Perfume
666,Izod,8466,Machinary
667,Avirex,4600,Shoes
668,Old Navy,2416,Deodorant
669,Tommy Hilfinger,6840,Home Appliances
670,Cross Colours,1070,Lotion
671,Mossimo,8824,Clothing
672,Loyandford,4922,Furniture
673,C&A,8917,Cosmetic
674,Loyandford,8617,Kitchen Utensil
675,Merc Clothing,1800,Perfume
676,Mossimo,2275,Machinary
677,Calvin Klein,1070,Shoes
678,Koton,3825,Deodorant
679,Guess,6592,Home Appliances
680,Acorn Stores,5444,Lotion
681,Marchesa,5079,Clothing
682,JNCO,4855,Furniture
683,Acorn Stores,4768,Cosmetic
684,Cross Colours,2068,Kitchen Utensil
685,Nice Collective,3182,Perfume
686,JNCO,6537,Machinary
687,EMEL Fashion,5443,Shoes
688,Tommy Hilfinger,2022,Deodorant
689,Mataano,2186,Home Appliances
690,Mohito,1002,Lotion
691,H&M,1026,Clothing
692,Angels Jeanswear,8667,Furniture
693,EMEL Fashion,8387,Cosmetic
694,Karen Kane,6865,Kitchen Utensil
695,Lilli Ann,1889,Perfume
696,Brooks Brothers,3521,Machinary
697,Healthtex,3443,Shoes
698,Acorn Stores,3477,Deodorant
699,DKNY,8029,Home Appliances
700,Loyandford,3087,Lotion
701,Acorn Stores,2822,Clothing
702,Nice Collective,5208,Furniture
703,Real Gold,1937,Cosmetic
704,TNT,6316,Kitchen Utensil
705,Tommy Hilfinger,1633,Perfume
706,Lee,8787,Machinary
707,Mohito,1868,Shoes
708,Marchesa,8199,Deodorant
709,Izod,7980,Home Appliances
710,Columbia Sportswear,2535,Lotion
711,Avirex,2162,Clothing
712,Ex-Boyfriend,7937,Furniture
713,Koton,5065,Cosmetic
714,Bujo,2946,Kitchen Utensil
715,Ethika,6528,Perfume
716,Converse,5964,Machinary
717,Six Deuce,1705,Shoes
718,Ex-Boyfriend,4365,Deodorant
719,Andrew Marc,8117,Home Appliances
720,Baby Gap,4428,Lotion
721,Max Studio,1389,Clothing
722,C&A,2310,Furniture
723,Lilli Ann,1654,Cosmetic
724,Nice Collective,5100,Kitchen Utensil
725,Levis,2644,Perfume
726,Koton,3196,Machinary
727,Ecko Unlimited,2465,Shoes
728,Forever 21,8727,Deodorant
729,SABA,1852,Home Appliances
730,Max Studio,7147,Lotion
731,Brooks Brothers,3938,Clothing
732,Koton,3535,Furniture
733,Izod,2867,Cosmetic
734,Koton,3094,Kitchen Utensil
735,Koton,4891,Perfume
736,Cross Colours,2634,Machinary
737,Rip Curl,5060,Shoes
738,Cross Colours,6672,Deodorant
739,Koalapop,6813,Home Appliances
740,TNT,2086,Lotion
741,EMEL Fashion,5466,Clothing
742,Lee,2954,Furniture
743,Old Navy,6650,Cosmetic
744,Hamilton Shirts,5721,Kitchen Utensil
745,Forever Lazy,8385,Perfume
746,Izod,8383,Machinary
747,Forever Lazy,8307,Shoes
748,Levis,8563,Deodorant
749,JNCO,4265,Home Appliances
750,Bujo,1189,Lotion
751,Ex-Boyfriend,6627,Clothing
752,Nudie Jeans,8295,Furniture
753,SABA,1090,Cosmetic
754,Izod,4479,Kitchen Utensil
755,Max Studio,7353,Perfume
756,EMEL Fashion,5884,Machinary
757,Mataano,2382,Shoes
758,Calvin Klein,4902,Deodorant
759,Dollie & Me,8762,Home Appliances
760,Lee,4136,Lotion
761,EMEL Fashion,5879,Clothing
762,Hamilton Shirts,3370,Furniture
763,Angels Jeanswear,8579,Cosmetic
764,Healthtex,3218,Kitchen Utensil
765,Guess,8469,Perfume
766,Cross Colours,1095,Machinary
767,Hamilton Shirts,5690,Shoes
768,Lilli Ann,7717,Deodorant
769,Real Gold,8463,Home Appliances
770,Marchesa,4712,Lotion
771,Healthtex,2945,Clothing
772,Nudie Jeans,7325,Furniture
773,Loyandford,4782,Cosmetic
774,Koalapop,4267,Kitchen Utensil
775,Baby Gap,8157,Perfume
776,Koalapop,7910,Machinary
777,Cherokee Inc.,6386,Shoes
778,Old Navy,3174,Deodorant
779,Andrew Marc,8975,Home Appliances
780,Forever 21,4102,Lotion
781,Levis,7451,Clothing
782,Max Studio,3962,Furniture
783,Marchesa,5270,Cosmetic
784,Ecko Unlimited,8280,Kitchen Utensil
785,Marchesa,4086,Perfume
786,Calvin Klein,5716,Machinary
787,Bujo,4019,Shoes
788,Six Deuce,3498,Deodorant
789,SABA,8090,Home Appliances
790,Marchesa,8441,Lotion
791,Dollie & Me,2717,Clothing
792,Forever Lazy,2844,Furniture
793,Forever 21,1089,Cosmetic
794,Ethika,8903,Kitchen Utensil
795,Acorn Stores,8858,Perfume
796,Mossimo,3145,Machinary
797,Koalapop,5171,Shoes
798,Bujo,7528,Deodorant
799,Columbia Sportswear,8326,Home Appliances
800,Cross Colours,7747,Lotion
801,Dollie & Me,5130,Clothing
802,Mataano,3418,Furniture
803,Hamilton Shirts,7667,Cosmetic
804,Mossimo,2513,Kitchen Utensil
805,Marchesa,2247,Perfume
806,Ecko Unlimited,2120,Machinary
807,Bujo,5629,Shoes
808,Cross Colours,2388,Deodorant
809,Koton,1633,Home Appliances
810,Lee,8264,Lotion
811,Izod,8689,Clothing
812,Merc Clothing,8491,Furniture
813,Cherokee Inc.,8636,Cosmetic
814,Countess Mara,5318,Kitchen Utensil
815,Max Studio,8628,Perfume
816,Loyandford,4263,Machinary
817,Tommy Hilfinger,1603,Shoes
818,Angels Jeanswear,1036,Deodorant
819,C&A,3295,Home Appliances
820,EMEL Fashion,6417,Lotion
821,Koton,3048,Clothing
822,Izod,8697,Furniture
823,Andrew Marc,6385,Cosmetic
824,Rip Curl,7762,Kitchen Utensil
825,H&M,8218,Perfume
826,Forever Lazy,7833,Machinary
827,Brooks Brothers,8706,Shoes
828,Avirex,5499,Deodorant
829,C&A,5426,Home Appliances
830,C&A,6739,Lotion
831,Hamilton Shirts,3102,Clothing
832,Ex-Boyfriend,8601,Furniture
833,Six Deuce,5321,Cosmetic
834,Guess,1020,Kitchen Utensil
835,Countess Mara,7897,Perfume
836,Ethika,8441,Machinary
837,Dollie & Me,2459,Shoes
838,Baby Gap,7659,Deodorant
839,Cross Colours,7638,Home Appliances
840,Marchesa,8195,Lotion
841,Six Deuce,3560,Clothing
842,Ex-Boyfriend,4193,Furniture
843,Mohito,5197,Cosmetic
844,Mohito,1413,Kitchen Utensil
845,SABA,7752,Perfume
846,Nudie Jeans,2373,Machinary
847,EMEL Fashion,7728,Shoes
848,Tommy Hilfinger,8566,Deodorant
849,Loyandford,2073,Home Appliances
850,Rip Curl,4951,Lotion
851,EMEL Fashion,2500,Clothing
852,Hamilton Shirts,7338,Furniture
853,Ethika,6348,Cosmetic
854,SABA,7990,Kitchen Utensil
855,Real Gold,8380,Perfume
856,Baby Gap,8156,Machinary
857,H&M,7642,Shoes
858,Ecko Unlimited,3783,Deodorant
859,Loyandford,4908,Home Appliances
860,Forever Lazy,3019,Lotion
861,Rip Curl,1587,Clothing
862,Baby Gap,3624,Furniture
863,Forever Lazy,3214,Cosmetic
864,Loyandford,6436,Kitchen Utensil
865,Countess Mara,7029,Perfume
866,Old Navy,6942,Machinary
867,H&M,4266,Shoes
868,Mohito,5614,Deodorant
869,H&M,1742,Home Appliances
870,Ecko Unlimited,6489,Lotion
871,Rip Curl,4823,Clothing
872,Merc Clothing,4182,Furniture
873,DKNY,4085,Cosmetic
874,Dollie & Me,6815,Kitchen Utensil
875,Ex-Boyfriend,6290,Perfume
876,Cherokee Inc.,8038,Machinary
877,Dollie & Me,8461,Shoes
878,Max Studio,4796,Deodorant
879,Forever 21,3760,Home Appliances
880,Koton,2416,Lotion
881,Nudie Jeans,6232,Clothing
882,Karen Kane,5080,Furniture
883,Ethika,8542,Cosmetic
884,Lilli Ann,2941,Kitchen Utensil
885,Old Navy,4010,Perfume
886,Karen Kane,3278,Machinary
887,EMEL Fashion,8273,Shoes
888,Bujo,6685,Deodorant
889,Nudie Jeans,3274,Home Appliances
890,Countess Mara,2570,Lotion
891,Avirex,6168,Clothing
892,Merc Clothing,5095,Furniture
893,Rip Curl,5673,Cosmetic
894,Koton,6696,Kitchen Utensil
895,Acorn Stores,8014,Perfume
896,Bujo,3414,Machinary
897,Ex-Boyfriend,7146,Shoes
898,Levis,5296,Deodorant
899,Six Deuce,3223,Home Appliances
900,Columbia Sportswear,2725,Lotion
901,Guess,3223,Clothing
902,Lilli Ann,5094,Furniture
903,Nice Collective,3265,Cosmetic
904,SABA,6036,Kitchen Utensil
905,Cross Colours,5758,Perfume
906,Rip Curl,2768,Machinary
907,Countess Mara,1111,Shoes
908,Koalapop,6196,Deodorant
909,Cross Colours,2509,Home Appliances
910,SABA,7995,Lotion
911,C&A,5301,Clothing
912,Guess,5817,Furniture
913,Max Studio,4194,Cosmetic
914,Angels Jeanswear,7199,Kitchen Utensil
915,Forever 21,5194,Perfume
916,Columbia Sportswear,1059,Machinary
917,Mohito,8631,Shoes
918,Bujo,4825,Deodorant
919,Levis,3237,Home Appliances
920,EMEL Fashion,8219,Lotion
921,Lilli Ann,5595,Clothing
922,Lee,5063,Furniture
923,Baby Gap,7802,Cosmetic
924,Guess,7948,Kitchen Utensil
925,Mohito,6927,Perfume
926,Hamilton Shirts,5708,Machinary
927,Ecko Unlimited,1518,Shoes
928,Old Navy,5786,Deodorant
929,Guess,6166,Home Appliances
930,Koton,5487,Lotion
931,Ex-Boyfriend,5494,Clothing
932,Acorn Stores,3776,Furniture
933,Hamilton Shirts,2453,Cosmetic
934,Cross Colours,2772,Kitchen Utensil
935,Ecko Unlimited,8542,Perfume
936,Lilli Ann,5663,Machinary
937,Healthtex,4375,Shoes
938,Healthtex,2314,Deodorant
939,Baby Gap,6056,Home Appliances
940,Marchesa,4635,Lotion
941,Real Gold,5270,Clothing
942,Koalapop,7222,Furniture
943,Lee,3758,Cosmetic
944,Brooks Brothers,3241,Kitchen Utensil
945,Old Navy,4696,Perfume
946,Mohito,7017,Machinary
947,Bujo,8925,Shoes
948,Andrew Marc,6485,Deodorant
949,Old Navy,4949,Home Appliances
950,Lee,5047,Lotion
951,Nice Collective,8237,Clothing
952,Marchesa,4236,Furniture
953,Mataano,1731,Cosmetic
954,Ecko Unlimited,5252,Kitchen Utensil
955,Koalapop,3502,Perfume
956,Marchesa,5047,Machinary
957,C&A,7020,Shoes
958,Nudie Jeans,3777,Deodorant
959,Guess,3664,Home Appliances
960,Mataano,3533,Lotion
961,Guess,5767,Clothing
962,Avirex,4931,Furniture
963,TNT,4994,Cosmetic
964,Forever 21,6171,Kitchen Utensil
965,Angels Jeanswear,8529,Perfume
966,Karen Kane,2626,Machinary
967,Merc Clothing,4269,Shoes
968,Mataano,3946,Deodorant
969,TNT,1184,Home Appliances
970,Nudie Jeans,7067,Lotion
971,Levis,5178,Clothing
972,Lee,2312,Furniture
973,Cherokee Inc.,7673,Cosmetic
974,Andrew Marc,3561,Kitchen Utensil
975,Karen Kane,6394,Perfume
976,EMEL Fashion,2044,Machinary
977,Converse,5238,Shoes
978,Loyandford,4026,Deodorant
979,DKNY,4387,Home Appliances
980,Mossimo,8920,Lotion
981,Forever Lazy,3439,Clothing
982,Guess,4973,Furniture
983,TNT,6584,Cosmetic
984,C&A,3580,Kitchen Utensil
985,Real Gold,8357,Perfume
986,C&A,1889,Machinary
987,Brooks Brothers,6909,Shoes
988,Columbia Sportswear,5843,Deodorant
989,Avirex,5644,Home Appliances
990,Columbia Sportswear,7148,Lotion
991,Old Navy,2520,Clothing
992,Ecko Unlimited,6809,Furniture
993,Levis,5560,Cosmetic
994,Koton,3046,Kitchen Utensil
995,Andrew Marc,1814,Perfume
996,Koton,2562,Machinary
997,Calvin Klein,3387,Shoes
998,Countess Mara,1707,Deodorant
999,Levis,3763,Home Appliances
1000,EMEL Fashion,7901,Lotion
